metric,value
cv_r2_mean,0.7861
cv_r2_std,0.0066
test_r2,0.8058
rmse,0.41588341237693105
mae,0.3092793015361058
